<?xml version="1.0" encoding="UTF-8"?> 
<configuration debug="true" scan="true" scanPeriod="30 seconds">
<property name="LOGDIR" value="./logs/extservice" />
      <appender name="FILE" class="ch.qos.logback.core.FileAppender">
        <file>${LOGDIR}/extservice.log</file>
        <append>true</append>
       <filter class="ch.qos.logback.classic.filter.LevelFilter">
		<level>WARN</level>
		</filter>
       <layout class="ch.qos.logback.classic.PatternLayout">
			<Pattern>
				%d{yyyy-MM-dd HH:mm:ss}---[%thread] --- %-5level  ---- %msg - %n
			</Pattern>
		</layout>
    </appender>


    <appender name="CONSOLE"
		class="ch.qos.logback.core.ConsoleAppender">
		 <filter class="ch.qos.logback.classic.filter.LevelFilter">
		 	<level>INFO</level>
		 </filter>
		<layout class="ch.qos.logback.classic.PatternLayout">
			<Pattern>
				%-30(%d{HH:mm:ss.SSS} [%thread]) %-5level
				-----%X{RequestId}--- %msg%n
			</Pattern>
		</layout>
	</appender>
	<root>
		<appender-ref ref="FILE"  />
		<appender-ref ref="CONSOLE"/>
	</root>

</configuration>
